Sample name	Output directory	Input files	O antigen prediction	H1 antigen prediction(fliC)	H2 antigen prediction(fljB)	Predicted identification	Predicted antigenic profile	Predicted serotype	Note
ERR10395086	/storage/home/smk459/scratch/brazildub/3.2-sero/seqsero/ERR10395086_seqsero	ERR10395086_assembly.fasta	9	g,p	-	Salmonella enterica subspecies enterica (subspecies I)	9:g,p:-	Dublin	
ERR10395089	/storage/home/smk459/scratch/brazildub/3.2-sero/seqsero/ERR10395089_seqsero	ERR10395089_assembly.fasta	9	g,p	-	Salmonella enterica subspecies enterica (subspecies I)	9:g,p:-	Dublin	
ERR10395090	/storage/home/smk459/scratch/brazildub/3.2-sero/seqsero/ERR10395090_seqsero	ERR10395090_assembly.fasta	9	g,p	-	Salmonella enterica subspecies enterica (subspecies I)	9:g,p:-	Dublin	
ERR10395091	/storage/home/smk459/scratch/brazildub/3.2-sero/seqsero/ERR10395091_seqsero	ERR10395091_assembly.fasta	9	g,p	-	Salmonella enterica subspecies enterica (subspecies I)	9:g,p:-	Dublin	
ERR10395096	/storage/home/smk459/scratch/brazildub/3.2-sero/seqsero/ERR10395096_seqsero	ERR10395096_assembly.fasta	9	g,p	-	Salmonella enterica subspecies enterica (subspecies I)	9:g,p:-	Dublin	
ERR10395099	/storage/home/smk459/scratch/brazildub/3.2-sero/seqsero/ERR10395099_seqsero	ERR10395099_assembly.fasta	9	g,p	-	Salmonella enterica subspecies enterica (subspecies I)	9:g,p:-	Dublin	
ERR10395102	/storage/home/smk459/scratch/brazildub/3.2-sero/seqsero/ERR10395102_seqsero	ERR10395102_assembly.fasta	9	g,p	-	Salmonella enterica subspecies enterica (subspecies I)	9:g,p:-	Dublin	
ERR10395107	/storage/home/smk459/scratch/brazildub/3.2-sero/seqsero/ERR10395107_seqsero	ERR10395107_assembly.fasta	9	g,p	-	Salmonella enterica subspecies enterica (subspecies I)	9:g,p:-	Dublin	
ERR10441490	/storage/home/smk459/scratch/brazildub/3.2-sero/seqsero/ERR10441490_seqsero	ERR10441490_assembly.fasta	9	g,p	-	Salmonella enterica subspecies enterica (subspecies I)	9:g,p:-	Dublin	
ERR10441525	/storage/home/smk459/scratch/brazildub/3.2-sero/seqsero/ERR10441525_seqsero	ERR10441525_assembly.fasta	-	g,p	-	Salmonella enterica subspecies enterica (subspecies I)	-:g,p:-	I -:g,p:-	O antigen was not detected. This result may be due to a rough strain that has deleted the rfb region. For raw reads input, the k-mer workflow is sometimes more sensitive than the microassembly workflow in detecting O antigen. Caution should be used with this approach because the k-mer result may be due to low levels of contamination. 
ERR11191889	/storage/home/smk459/scratch/brazildub/3.2-sero/seqsero/ERR11191889_seqsero	ERR11191889_assembly.fasta	9	g,p	-	Salmonella enterica subspecies enterica (subspecies I)	9:g,p:-	Dublin	
ERR11191894	/storage/home/smk459/scratch/brazildub/3.2-sero/seqsero/ERR11191894_seqsero	ERR11191894_assembly.fasta	-	g,p	-	Salmonella enterica subspecies enterica (subspecies I)	-:g,p:-	I -:g,p:-	O antigen was not detected. This result may be due to a rough strain that has deleted the rfb region. For raw reads input, the k-mer workflow is sometimes more sensitive than the microassembly workflow in detecting O antigen. Caution should be used with this approach because the k-mer result may be due to low levels of contamination. 
ERR11192043	/storage/home/smk459/scratch/brazildub/3.2-sero/seqsero/ERR11192043_seqsero	ERR11192043_assembly.fasta	9	g,p	-	Salmonella enterica subspecies enterica (subspecies I)	9:g,p:-	Dublin	
ERR11192044	/storage/home/smk459/scratch/brazildub/3.2-sero/seqsero/ERR11192044_seqsero	ERR11192044_assembly.fasta	9	g,p	-	Salmonella enterica subspecies enterica (subspecies I)	9:g,p:-	Dublin	
ERR11192068	/storage/home/smk459/scratch/brazildub/3.2-sero/seqsero/ERR11192068_seqsero	ERR11192068_assembly.fasta	9	g,p	-	Salmonella enterica subspecies enterica (subspecies I)	9:g,p:-	Dublin	
ERR11192071	/storage/home/smk459/scratch/brazildub/3.2-sero/seqsero/ERR11192071_seqsero	ERR11192071_assembly.fasta	9	g,p	-	Salmonella enterica subspecies enterica (subspecies I)	9:g,p:-	Dublin	
ERR11192077	/storage/home/smk459/scratch/brazildub/3.2-sero/seqsero/ERR11192077_seqsero	ERR11192077_assembly.fasta	9	g,p	-	Salmonella enterica subspecies enterica (subspecies I)	9:g,p:-	Dublin	
ERR11192081	/storage/home/smk459/scratch/brazildub/3.2-sero/seqsero/ERR11192081_seqsero	ERR11192081_assembly.fasta	9	g,p	-	Salmonella enterica subspecies enterica (subspecies I)	9:g,p:-	Dublin	
ERR11192375	/storage/home/smk459/scratch/brazildub/3.2-sero/seqsero/ERR11192375_seqsero	ERR11192375_assembly.fasta	9	g,p	-	Salmonella enterica subspecies enterica (subspecies I)	9:g,p:-	Dublin	
ERR11192379	/storage/home/smk459/scratch/brazildub/3.2-sero/seqsero/ERR11192379_seqsero	ERR11192379_assembly.fasta	9	g,p	-	Salmonella enterica subspecies enterica (subspecies I)	9:g,p:-	Dublin	
ERR11192399	/storage/home/smk459/scratch/brazildub/3.2-sero/seqsero/ERR11192399_seqsero	ERR11192399_assembly.fasta	9	g,p	-	Salmonella enterica subspecies enterica (subspecies I)	9:g,p:-	Dublin	
ERR11192417	/storage/home/smk459/scratch/brazildub/3.2-sero/seqsero/ERR11192417_seqsero	ERR11192417_assembly.fasta	9	g,p	-	Salmonella enterica subspecies enterica (subspecies I)	9:g,p:-	Dublin	
ERR11196271	/storage/home/smk459/scratch/brazildub/3.2-sero/seqsero/ERR11196271_seqsero	ERR11196271_assembly.fasta	9	g,p	-	Salmonella enterica subspecies enterica (subspecies I)	9:g,p:-	Dublin	
ERR11196301	/storage/home/smk459/scratch/brazildub/3.2-sero/seqsero/ERR11196301_seqsero	ERR11196301_assembly.fasta	9	g,p	-	Salmonella enterica subspecies enterica (subspecies I)	9:g,p:-	Dublin	
ERR11196304	/storage/home/smk459/scratch/brazildub/3.2-sero/seqsero/ERR11196304_seqsero	ERR11196304_assembly.fasta	9	g,p	-	Salmonella enterica subspecies enterica (subspecies I)	9:g,p:-	Dublin	
ERR11196399	/storage/home/smk459/scratch/brazildub/3.2-sero/seqsero/ERR11196399_seqsero	ERR11196399_assembly.fasta	9	g,p	-	Salmonella enterica subspecies enterica (subspecies I)	9:g,p:-	Dublin	
ERR11196450	/storage/home/smk459/scratch/brazildub/3.2-sero/seqsero/ERR11196450_seqsero	ERR11196450_assembly.fasta	9	g,p	-	Salmonella enterica subspecies enterica (subspecies I)	9:g,p:-	Dublin	
ERR11196507	/storage/home/smk459/scratch/brazildub/3.2-sero/seqsero/ERR11196507_seqsero	ERR11196507_assembly.fasta	9	g,p	-	Salmonella enterica subspecies enterica (subspecies I)	9:g,p:-	Dublin	
ERR11196515	/storage/home/smk459/scratch/brazildub/3.2-sero/seqsero/ERR11196515_seqsero	ERR11196515_assembly.fasta	9	g,p	-	Salmonella enterica subspecies enterica (subspecies I)	9:g,p:-	Dublin	
ERR11196531	/storage/home/smk459/scratch/brazildub/3.2-sero/seqsero/ERR11196531_seqsero	ERR11196531_assembly.fasta	9	g,p	-	Salmonella enterica subspecies enterica (subspecies I)	9:g,p:-	Dublin	
ERR11196540	/storage/home/smk459/scratch/brazildub/3.2-sero/seqsero/ERR11196540_seqsero	ERR11196540_assembly.fasta	9	g,p	-	Salmonella enterica subspecies enterica (subspecies I)	9:g,p:-	Dublin	
ERR11196560	/storage/home/smk459/scratch/brazildub/3.2-sero/seqsero/ERR11196560_seqsero	ERR11196560_assembly.fasta	9	g,p	-	Salmonella enterica subspecies enterica (subspecies I)	9:g,p:-	Dublin	
ERR11196585	/storage/home/smk459/scratch/brazildub/3.2-sero/seqsero/ERR11196585_seqsero	ERR11196585_assembly.fasta	9	g,p	-	Salmonella enterica subspecies enterica (subspecies I)	9:g,p:-	Dublin	
ERR11196597	/storage/home/smk459/scratch/brazildub/3.2-sero/seqsero/ERR11196597_seqsero	ERR11196597_assembly.fasta	9	g,p	-	Salmonella enterica subspecies enterica (subspecies I)	9:g,p:-	Dublin	
ERR11196708	/storage/home/smk459/scratch/brazildub/3.2-sero/seqsero/ERR11196708_seqsero	ERR11196708_assembly.fasta	9	g,p	-	Salmonella enterica subspecies enterica (subspecies I)	9:g,p:-	Dublin	
ERR11196829	/storage/home/smk459/scratch/brazildub/3.2-sero/seqsero/ERR11196829_seqsero	ERR11196829_assembly.fasta	9	g,p	-	Salmonella enterica subspecies enterica (subspecies I)	9:g,p:-	Dublin	
ERR11196865	/storage/home/smk459/scratch/brazildub/3.2-sero/seqsero/ERR11196865_seqsero	ERR11196865_assembly.fasta	9	g,p	-	Salmonella enterica subspecies enterica (subspecies I)	9:g,p:-	Dublin	
ERR11196902	/storage/home/smk459/scratch/brazildub/3.2-sero/seqsero/ERR11196902_seqsero	ERR11196902_assembly.fasta	9	g,p	-	Salmonella enterica subspecies enterica (subspecies I)	9:g,p:-	Dublin	
ERR11197013	/storage/home/smk459/scratch/brazildub/3.2-sero/seqsero/ERR11197013_seqsero	ERR11197013_assembly.fasta	9	g,p	-	Salmonella enterica subspecies enterica (subspecies I)	9:g,p:-	Dublin	
ERR14757536	/storage/home/smk459/scratch/brazildub/3.2-sero/seqsero/ERR14757536_seqsero	ERR14757536_assembly.fasta	-	g,p	-	Salmonella enterica subspecies enterica (subspecies I)	-:g,p:-	I -:g,p:-	O antigen was not detected. This result may be due to a rough strain that has deleted the rfb region. For raw reads input, the k-mer workflow is sometimes more sensitive than the microassembly workflow in detecting O antigen. Caution should be used with this approach because the k-mer result may be due to low levels of contamination. 
ERR8568688	/storage/home/smk459/scratch/brazildub/3.2-sero/seqsero/ERR8568688_seqsero	ERR8568688_assembly.fasta	-	g,p	-	Salmonella enterica subspecies enterica (subspecies I)	-:g,p:-	I -:g,p:-	O antigen was not detected. This result may be due to a rough strain that has deleted the rfb region. For raw reads input, the k-mer workflow is sometimes more sensitive than the microassembly workflow in detecting O antigen. Caution should be used with this approach because the k-mer result may be due to low levels of contamination. 
ERR8568689	/storage/home/smk459/scratch/brazildub/3.2-sero/seqsero/ERR8568689_seqsero	ERR8568689_assembly.fasta	9	g,p	-	Salmonella enterica subspecies enterica (subspecies I)	9:g,p:-	Dublin	
ERR8568691	/storage/home/smk459/scratch/brazildub/3.2-sero/seqsero/ERR8568691_seqsero	ERR8568691_assembly.fasta	-	g,p	-	Salmonella enterica subspecies enterica (subspecies I)	-:g,p:-	I -:g,p:-	O antigen was not detected. This result may be due to a rough strain that has deleted the rfb region. For raw reads input, the k-mer workflow is sometimes more sensitive than the microassembly workflow in detecting O antigen. Caution should be used with this approach because the k-mer result may be due to low levels of contamination. 
ERR8568692	/storage/home/smk459/scratch/brazildub/3.2-sero/seqsero/ERR8568692_seqsero	ERR8568692_assembly.fasta	9	g,p	-	Salmonella enterica subspecies enterica (subspecies I)	9:g,p:-	Dublin	
ERR8568696	/storage/home/smk459/scratch/brazildub/3.2-sero/seqsero/ERR8568696_seqsero	ERR8568696_assembly.fasta	9	g,p	-	Salmonella enterica subspecies enterica (subspecies I)	9:g,p:-	Dublin	
ERR8568698	/storage/home/smk459/scratch/brazildub/3.2-sero/seqsero/ERR8568698_seqsero	ERR8568698_assembly.fasta	9	g,p	-	Salmonella enterica subspecies enterica (subspecies I)	9:g,p:-	Dublin	
ERR8568699	/storage/home/smk459/scratch/brazildub/3.2-sero/seqsero/ERR8568699_seqsero	ERR8568699_assembly.fasta	-	g,p	-	Salmonella enterica subspecies enterica (subspecies I)	-:g,p:-	I -:g,p:-	O antigen was not detected. This result may be due to a rough strain that has deleted the rfb region. For raw reads input, the k-mer workflow is sometimes more sensitive than the microassembly workflow in detecting O antigen. Caution should be used with this approach because the k-mer result may be due to low levels of contamination. 
ERR8568700	/storage/home/smk459/scratch/brazildub/3.2-sero/seqsero/ERR8568700_seqsero	ERR8568700_assembly.fasta	-	g,p	-	Salmonella enterica subspecies enterica (subspecies I)	-:g,p:-	I -:g,p:-	O antigen was not detected. This result may be due to a rough strain that has deleted the rfb region. For raw reads input, the k-mer workflow is sometimes more sensitive than the microassembly workflow in detecting O antigen. Caution should be used with this approach because the k-mer result may be due to low levels of contamination. 
ERR8568706	/storage/home/smk459/scratch/brazildub/3.2-sero/seqsero/ERR8568706_seqsero	ERR8568706_assembly.fasta	9	g,p	-	Salmonella enterica subspecies enterica (subspecies I)	9:g,p:-	Dublin	
ERR8568707	/storage/home/smk459/scratch/brazildub/3.2-sero/seqsero/ERR8568707_seqsero	ERR8568707_assembly.fasta	9	g,p	-	Salmonella enterica subspecies enterica (subspecies I)	9:g,p:-	Dublin	
ERR8568710	/storage/home/smk459/scratch/brazildub/3.2-sero/seqsero/ERR8568710_seqsero	ERR8568710_assembly.fasta	9	g,p	-	Salmonella enterica subspecies enterica (subspecies I)	9:g,p:-	Dublin	
ERR8568715	/storage/home/smk459/scratch/brazildub/3.2-sero/seqsero/ERR8568715_seqsero	ERR8568715_assembly.fasta	9	g,p	-	Salmonella enterica subspecies enterica (subspecies I)	9:g,p:-	Dublin	
ERR8568716	/storage/home/smk459/scratch/brazildub/3.2-sero/seqsero/ERR8568716_seqsero	ERR8568716_assembly.fasta	9	g,p	-	Salmonella enterica subspecies enterica (subspecies I)	9:g,p:-	Dublin	
ERR8568749	/storage/home/smk459/scratch/brazildub/3.2-sero/seqsero/ERR8568749_seqsero	ERR8568749_assembly.fasta	-	g,p	-	Salmonella enterica subspecies enterica (subspecies I)	-:g,p:-	I -:g,p:-	O antigen was not detected. This result may be due to a rough strain that has deleted the rfb region. For raw reads input, the k-mer workflow is sometimes more sensitive than the microassembly workflow in detecting O antigen. Caution should be used with this approach because the k-mer result may be due to low levels of contamination. 
ERR8568751	/storage/home/smk459/scratch/brazildub/3.2-sero/seqsero/ERR8568751_seqsero	ERR8568751_assembly.fasta	9	g,p	-	Salmonella enterica subspecies enterica (subspecies I)	9:g,p:-	Dublin	
ERR8568753	/storage/home/smk459/scratch/brazildub/3.2-sero/seqsero/ERR8568753_seqsero	ERR8568753_assembly.fasta	9	g,p	-	Salmonella enterica subspecies enterica (subspecies I)	9:g,p:-	Dublin	
ERR8568754	/storage/home/smk459/scratch/brazildub/3.2-sero/seqsero/ERR8568754_seqsero	ERR8568754_assembly.fasta	9	g,p	-	Salmonella enterica subspecies enterica (subspecies I)	9:g,p:-	Dublin	
ERR8568755	/storage/home/smk459/scratch/brazildub/3.2-sero/seqsero/ERR8568755_seqsero	ERR8568755_assembly.fasta	9	g,p	-	Salmonella enterica subspecies enterica (subspecies I)	9:g,p:-	Dublin	
ERR8568760	/storage/home/smk459/scratch/brazildub/3.2-sero/seqsero/ERR8568760_seqsero	ERR8568760_assembly.fasta	-	g,p	-	Salmonella enterica subspecies enterica (subspecies I)	-:g,p:-	I -:g,p:-	O antigen was not detected. This result may be due to a rough strain that has deleted the rfb region. For raw reads input, the k-mer workflow is sometimes more sensitive than the microassembly workflow in detecting O antigen. Caution should be used with this approach because the k-mer result may be due to low levels of contamination. 
ERR8568767	/storage/home/smk459/scratch/brazildub/3.2-sero/seqsero/ERR8568767_seqsero	ERR8568767_assembly.fasta	-	g,p	-	Salmonella enterica subspecies enterica (subspecies I)	-:g,p:-	I -:g,p:-	O antigen was not detected. This result may be due to a rough strain that has deleted the rfb region. For raw reads input, the k-mer workflow is sometimes more sensitive than the microassembly workflow in detecting O antigen. Caution should be used with this approach because the k-mer result may be due to low levels of contamination. 
ERR8568768	/storage/home/smk459/scratch/brazildub/3.2-sero/seqsero/ERR8568768_seqsero	ERR8568768_assembly.fasta	-	g,p	-	Salmonella enterica subspecies enterica (subspecies I)	-:g,p:-	I -:g,p:-	O antigen was not detected. This result may be due to a rough strain that has deleted the rfb region. For raw reads input, the k-mer workflow is sometimes more sensitive than the microassembly workflow in detecting O antigen. Caution should be used with this approach because the k-mer result may be due to low levels of contamination. 
ERR8568769	/storage/home/smk459/scratch/brazildub/3.2-sero/seqsero/ERR8568769_seqsero	ERR8568769_assembly.fasta	-	g,p	-	Salmonella enterica subspecies enterica (subspecies I)	-:g,p:-	I -:g,p:-	O antigen was not detected. This result may be due to a rough strain that has deleted the rfb region. For raw reads input, the k-mer workflow is sometimes more sensitive than the microassembly workflow in detecting O antigen. Caution should be used with this approach because the k-mer result may be due to low levels of contamination. 
SRR10257879	/storage/home/smk459/scratch/brazildub/3.2-sero/seqsero/SRR10257879_seqsero	SRR10257879_assembly.fasta	-	g,p	-	Salmonella enterica subspecies enterica (subspecies I)	-:g,p:-	I -:g,p:-	O antigen was not detected. This result may be due to a rough strain that has deleted the rfb region. For raw reads input, the k-mer workflow is sometimes more sensitive than the microassembly workflow in detecting O antigen. Caution should be used with this approach because the k-mer result may be due to low levels of contamination. 
SRR10286361	/storage/home/smk459/scratch/brazildub/3.2-sero/seqsero/SRR10286361_seqsero	SRR10286361_assembly.fasta	9	g,p	-	Salmonella enterica subspecies enterica (subspecies I)	9:g,p:-	Dublin	
SRR10502094	/storage/home/smk459/scratch/brazildub/3.2-sero/seqsero/SRR10502094_seqsero	SRR10502094_assembly.fasta	9	g,p	-	Salmonella enterica subspecies enterica (subspecies I)	9:g,p:-	Dublin	
SRR10990340	/storage/home/smk459/scratch/brazildub/3.2-sero/seqsero/SRR10990340_seqsero	SRR10990340_assembly.fasta	9	g,p	-	Salmonella enterica subspecies enterica (subspecies I)	9:g,p:-	Dublin	
SRR11101205	/storage/home/smk459/scratch/brazildub/3.2-sero/seqsero/SRR11101205_seqsero	SRR11101205_assembly.fasta	9	g,p	-	Salmonella enterica subspecies enterica (subspecies I)	9:g,p:-	Dublin	
SRR11450564	/storage/home/smk459/scratch/brazildub/3.2-sero/seqsero/SRR11450564_seqsero	SRR11450564_assembly.fasta	9	g,p	-	Salmonella enterica subspecies enterica (subspecies I)	9:g,p:-	Dublin	
SRR12495628	/storage/home/smk459/scratch/brazildub/3.2-sero/seqsero/SRR12495628_seqsero	SRR12495628_assembly.fasta	9	g,p	-	Salmonella enterica subspecies enterica (subspecies I)	9:g,p:-	Dublin	
SRR12698164	/storage/home/smk459/scratch/brazildub/3.2-sero/seqsero/SRR12698164_seqsero	SRR12698164_assembly.fasta	9	g,p	-	Salmonella enterica subspecies enterica (subspecies I)	9:g,p:-	Dublin	
SRR12698170	/storage/home/smk459/scratch/brazildub/3.2-sero/seqsero/SRR12698170_seqsero	SRR12698170_assembly.fasta	9	g,p	-	Salmonella enterica subspecies enterica (subspecies I)	9:g,p:-	Dublin	
SRR12740289	/storage/home/smk459/scratch/brazildub/3.2-sero/seqsero/SRR12740289_seqsero	SRR12740289_assembly.fasta	9	g,p	-	Salmonella enterica subspecies enterica (subspecies I)	9:g,p:-	Dublin	
SRR12740299	/storage/home/smk459/scratch/brazildub/3.2-sero/seqsero/SRR12740299_seqsero	SRR12740299_assembly.fasta	9	g,p	-	Salmonella enterica subspecies enterica (subspecies I)	9:g,p:-	Dublin	
SRR12741664	/storage/home/smk459/scratch/brazildub/3.2-sero/seqsero/SRR12741664_seqsero	SRR12741664_assembly.fasta	9	g,p	-	Salmonella enterica subspecies enterica (subspecies I)	9:g,p:-	Dublin	
SRR12819799	/storage/home/smk459/scratch/brazildub/3.2-sero/seqsero/SRR12819799_seqsero	SRR12819799_assembly.fasta	9	g,p	-	Salmonella enterica subspecies enterica (subspecies I)	9:g,p:-	Dublin	
SRR12991092	/storage/home/smk459/scratch/brazildub/3.2-sero/seqsero/SRR12991092_seqsero	SRR12991092_assembly.fasta	9	g,p	-	Salmonella enterica subspecies enterica (subspecies I)	9:g,p:-	Dublin	
SRR13202874	/storage/home/smk459/scratch/brazildub/3.2-sero/seqsero/SRR13202874_seqsero	SRR13202874_assembly.fasta	9	g,p	-	Salmonella enterica subspecies enterica (subspecies I)	9:g,p:-	Dublin	
SRR13202959	/storage/home/smk459/scratch/brazildub/3.2-sero/seqsero/SRR13202959_seqsero	SRR13202959_assembly.fasta	9	g,p	-	Salmonella enterica subspecies enterica (subspecies I)	9:g,p:-	Dublin	
SRR13202982	/storage/home/smk459/scratch/brazildub/3.2-sero/seqsero/SRR13202982_seqsero	SRR13202982_assembly.fasta	9	g,p	-	Salmonella enterica subspecies enterica (subspecies I)	9:g,p:-	Dublin	
SRR13202984	/storage/home/smk459/scratch/brazildub/3.2-sero/seqsero/SRR13202984_seqsero	SRR13202984_assembly.fasta	9	g,p	-	Salmonella enterica subspecies enterica (subspecies I)	9:g,p:-	Dublin	
SRR13238717	/storage/home/smk459/scratch/brazildub/3.2-sero/seqsero/SRR13238717_seqsero	SRR13238717_assembly.fasta	9	g,p	-	Salmonella enterica subspecies enterica (subspecies I)	9:g,p:-	Dublin	
SRR13482631	/storage/home/smk459/scratch/brazildub/3.2-sero/seqsero/SRR13482631_seqsero	SRR13482631_assembly.fasta	9	g,p	-	Salmonella enterica subspecies enterica (subspecies I)	9:g,p:-	Dublin	
SRR13643361	/storage/home/smk459/scratch/brazildub/3.2-sero/seqsero/SRR13643361_seqsero	SRR13643361_assembly.fasta	9	g,p	-	Salmonella enterica subspecies enterica (subspecies I)	9:g,p:-	Dublin	
SRR13686438	/storage/home/smk459/scratch/brazildub/3.2-sero/seqsero/SRR13686438_seqsero	SRR13686438_assembly.fasta	9	g,p	-	Salmonella enterica subspecies enterica (subspecies I)	9:g,p:-	Dublin	
SRR14345228	/storage/home/smk459/scratch/brazildub/3.2-sero/seqsero/SRR14345228_seqsero	SRR14345228_assembly.fasta	9	g,p	-	Salmonella enterica subspecies enterica (subspecies I)	9:g,p:-	Dublin	
SRR14707920	/storage/home/smk459/scratch/brazildub/3.2-sero/seqsero/SRR14707920_seqsero	SRR14707920_assembly.fasta	9	g,p	-	Salmonella enterica subspecies enterica (subspecies I)	9:g,p:-	Dublin	
SRR15051715	/storage/home/smk459/scratch/brazildub/3.2-sero/seqsero/SRR15051715_seqsero	SRR15051715_assembly.fasta	9	g,p	-	Salmonella enterica subspecies enterica (subspecies I)	9:g,p:-	Dublin	
SRR15051720	/storage/home/smk459/scratch/brazildub/3.2-sero/seqsero/SRR15051720_seqsero	SRR15051720_assembly.fasta	9	g,p	-	Salmonella enterica subspecies enterica (subspecies I)	9:g,p:-	Dublin	
SRR15053930	/storage/home/smk459/scratch/brazildub/3.2-sero/seqsero/SRR15053930_seqsero	SRR15053930_assembly.fasta	9	g,p	-	Salmonella enterica subspecies enterica (subspecies I)	9:g,p:-	Dublin	
SRR15146531	/storage/home/smk459/scratch/brazildub/3.2-sero/seqsero/SRR15146531_seqsero	SRR15146531_assembly.fasta	9	g,p	-	Salmonella enterica subspecies enterica (subspecies I)	9:g,p:-	Dublin	
SRR15853658	/storage/home/smk459/scratch/brazildub/3.2-sero/seqsero/SRR15853658_seqsero	SRR15853658_assembly.fasta	9	g,p	-	Salmonella enterica subspecies enterica (subspecies I)	9:g,p:-	Dublin	
SRR16089886	/storage/home/smk459/scratch/brazildub/3.2-sero/seqsero/SRR16089886_seqsero	SRR16089886_assembly.fasta	9	g,p	-	Salmonella enterica subspecies enterica (subspecies I)	9:g,p:-	Dublin	
SRR16774935	/storage/home/smk459/scratch/brazildub/3.2-sero/seqsero/SRR16774935_seqsero	SRR16774935_assembly.fasta	9	g,p	-	Salmonella enterica subspecies enterica (subspecies I)	9:g,p:-	Dublin	
SRR16821738	/storage/home/smk459/scratch/brazildub/3.2-sero/seqsero/SRR16821738_seqsero	SRR16821738_assembly.fasta	9	g,p	-	Salmonella enterica subspecies enterica (subspecies I)	9:g,p:-	Dublin	
SRR17143607	/storage/home/smk459/scratch/brazildub/3.2-sero/seqsero/SRR17143607_seqsero	SRR17143607_assembly.fasta	9	g,p	-	Salmonella enterica subspecies enterica (subspecies I)	9:g,p:-	Dublin	
SRR17249614	/storage/home/smk459/scratch/brazildub/3.2-sero/seqsero/SRR17249614_seqsero	SRR17249614_assembly.fasta	9	g,p	-	Salmonella enterica subspecies enterica (subspecies I)	9:g,p:-	Dublin	
SRR17518181	/storage/home/smk459/scratch/brazildub/3.2-sero/seqsero/SRR17518181_seqsero	SRR17518181_assembly.fasta	9	g,p	-	Salmonella enterica subspecies enterica (subspecies I)	9:g,p:-	Dublin	
SRR17518186	/storage/home/smk459/scratch/brazildub/3.2-sero/seqsero/SRR17518186_seqsero	SRR17518186_assembly.fasta	9	g,p	-	Salmonella enterica subspecies enterica (subspecies I)	9:g,p:-	Dublin	
SRR17660648	/storage/home/smk459/scratch/brazildub/3.2-sero/seqsero/SRR17660648_seqsero	SRR17660648_assembly.fasta	9	g,p	-	Salmonella enterica subspecies enterica (subspecies I)	9:g,p:-	Dublin	
SRR17696761	/storage/home/smk459/scratch/brazildub/3.2-sero/seqsero/SRR17696761_seqsero	SRR17696761_assembly.fasta	9	g,p	-	Salmonella enterica subspecies enterica (subspecies I)	9:g,p:-	Dublin	
SRR17773990	/storage/home/smk459/scratch/brazildub/3.2-sero/seqsero/SRR17773990_seqsero	SRR17773990_assembly.fasta	9	g,p	-	Salmonella enterica subspecies enterica (subspecies I)	9:g,p:-	Dublin	
SRR18101285	/storage/home/smk459/scratch/brazildub/3.2-sero/seqsero/SRR18101285_seqsero	SRR18101285_assembly.fasta	9	g,p	-	Salmonella enterica subspecies enterica (subspecies I)	9:g,p:-	Dublin	
SRR18233382	/storage/home/smk459/scratch/brazildub/3.2-sero/seqsero/SRR18233382_seqsero	SRR18233382_assembly.fasta	9	g,p	-	Salmonella enterica subspecies enterica (subspecies I)	9:g,p:-	Dublin	
SRR18686617	/storage/home/smk459/scratch/brazildub/3.2-sero/seqsero/SRR18686617_seqsero	SRR18686617_assembly.fasta	9	g,p	-	Salmonella enterica subspecies enterica (subspecies I)	9:g,p:-	Dublin	
SRR19067400	/storage/home/smk459/scratch/brazildub/3.2-sero/seqsero/SRR19067400_seqsero	SRR19067400_assembly.fasta	9	g,p	-	Salmonella enterica subspecies enterica (subspecies I)	9:g,p:-	Dublin	
SRR19087284	/storage/home/smk459/scratch/brazildub/3.2-sero/seqsero/SRR19087284_seqsero	SRR19087284_assembly.fasta	9	g,p	-	Salmonella enterica subspecies enterica (subspecies I)	9:g,p:-	Dublin	
SRR19397124	/storage/home/smk459/scratch/brazildub/3.2-sero/seqsero/SRR19397124_seqsero	SRR19397124_assembly.fasta	9	g,p	-	Salmonella enterica subspecies enterica (subspecies I)	9:g,p:-	Dublin	
SRR20110353	/storage/home/smk459/scratch/brazildub/3.2-sero/seqsero/SRR20110353_seqsero	SRR20110353_assembly.fasta	-	g,p	-	Salmonella enterica subspecies enterica (subspecies I)	-:g,p:-	I -:g,p:-	O antigen was not detected. This result may be due to a rough strain that has deleted the rfb region. For raw reads input, the k-mer workflow is sometimes more sensitive than the microassembly workflow in detecting O antigen. Caution should be used with this approach because the k-mer result may be due to low levels of contamination. 
SRR20423196	/storage/home/smk459/scratch/brazildub/3.2-sero/seqsero/SRR20423196_seqsero	SRR20423196_assembly.fasta	9	g,p	-	Salmonella enterica subspecies enterica (subspecies I)	9:g,p:-	Dublin	
SRR21594963	/storage/home/smk459/scratch/brazildub/3.2-sero/seqsero/SRR21594963_seqsero	SRR21594963_assembly.fasta	9	g,p	-	Salmonella enterica subspecies enterica (subspecies I)	9:g,p:-	Dublin	
SRR22284366	/storage/home/smk459/scratch/brazildub/3.2-sero/seqsero/SRR22284366_seqsero	SRR22284366_assembly.fasta	9	g,p	-	Salmonella enterica subspecies enterica (subspecies I)	9:g,p:-	Dublin	
SRR23043675	/storage/home/smk459/scratch/brazildub/3.2-sero/seqsero/SRR23043675_seqsero	SRR23043675_assembly.fasta	9	g,p	-	Salmonella enterica subspecies enterica (subspecies I)	9:g,p:-	Dublin	
SRR23043684	/storage/home/smk459/scratch/brazildub/3.2-sero/seqsero/SRR23043684_seqsero	SRR23043684_assembly.fasta	9	g,p	-	Salmonella enterica subspecies enterica (subspecies I)	9:g,p:-	Dublin	
SRR23756333	/storage/home/smk459/scratch/brazildub/3.2-sero/seqsero/SRR23756333_seqsero	SRR23756333_assembly.fasta	9	g,p	-	Salmonella enterica subspecies enterica (subspecies I)	9:g,p:-	Dublin	
SRR23756483	/storage/home/smk459/scratch/brazildub/3.2-sero/seqsero/SRR23756483_seqsero	SRR23756483_assembly.fasta	9	g,p	-	Salmonella enterica subspecies enterica (subspecies I)	9:g,p:-	Dublin	
SRR23756495	/storage/home/smk459/scratch/brazildub/3.2-sero/seqsero/SRR23756495_seqsero	SRR23756495_assembly.fasta	9	g,p	-	Salmonella enterica subspecies enterica (subspecies I)	9:g,p:-	Dublin	
SRR23756632	/storage/home/smk459/scratch/brazildub/3.2-sero/seqsero/SRR23756632_seqsero	SRR23756632_assembly.fasta	9	g,p	-	Salmonella enterica subspecies enterica (subspecies I)	9:g,p:-	Dublin	
SRR23756640	/storage/home/smk459/scratch/brazildub/3.2-sero/seqsero/SRR23756640_seqsero	SRR23756640_assembly.fasta	9	g,p	-	Salmonella enterica subspecies enterica (subspecies I)	9:g,p:-	Dublin	
SRR23756668	/storage/home/smk459/scratch/brazildub/3.2-sero/seqsero/SRR23756668_seqsero	SRR23756668_assembly.fasta	9	g,p	-	Salmonella enterica subspecies enterica (subspecies I)	9:g,p:-	Dublin	
SRR24807656	/storage/home/smk459/scratch/brazildub/3.2-sero/seqsero/SRR24807656_seqsero	SRR24807656_assembly.fasta	9	g,p	-	Salmonella enterica subspecies enterica (subspecies I)	9:g,p:-	Dublin	
SRR25161109	/storage/home/smk459/scratch/brazildub/3.2-sero/seqsero/SRR25161109_seqsero	SRR25161109_assembly.fasta	9	g,p	-	Salmonella enterica subspecies enterica (subspecies I)	9:g,p:-	Dublin	
SRR25926991	/storage/home/smk459/scratch/brazildub/3.2-sero/seqsero/SRR25926991_seqsero	SRR25926991_assembly.fasta	9	g,p	-	Salmonella enterica subspecies enterica (subspecies I)	9:g,p:-	Dublin	
SRR26453221	/storage/home/smk459/scratch/brazildub/3.2-sero/seqsero/SRR26453221_seqsero	SRR26453221_assembly.fasta	9	g,p	-	Salmonella enterica subspecies enterica (subspecies I)	9:g,p:-	Dublin	
SRR26453224	/storage/home/smk459/scratch/brazildub/3.2-sero/seqsero/SRR26453224_seqsero	SRR26453224_assembly.fasta	9	g,p	-	Salmonella enterica subspecies enterica (subspecies I)	9:g,p:-	Dublin	
SRR26453262	/storage/home/smk459/scratch/brazildub/3.2-sero/seqsero/SRR26453262_seqsero	SRR26453262_assembly.fasta	9	g,p	-	Salmonella enterica subspecies enterica (subspecies I)	9:g,p:-	Dublin	
SRR26453291	/storage/home/smk459/scratch/brazildub/3.2-sero/seqsero/SRR26453291_seqsero	SRR26453291_assembly.fasta	9	g,p	-	Salmonella enterica subspecies enterica (subspecies I)	9:g,p:-	Dublin	
SRR26453305	/storage/home/smk459/scratch/brazildub/3.2-sero/seqsero/SRR26453305_seqsero	SRR26453305_assembly.fasta	9	g,p	-	Salmonella enterica subspecies enterica (subspecies I)	9:g,p:-	Dublin	
SRR26825704	/storage/home/smk459/scratch/brazildub/3.2-sero/seqsero/SRR26825704_seqsero	SRR26825704_assembly.fasta	9	g,p	-	Salmonella enterica subspecies enterica (subspecies I)	9:g,p:-	Dublin	
SRR26825705	/storage/home/smk459/scratch/brazildub/3.2-sero/seqsero/SRR26825705_seqsero	SRR26825705_assembly.fasta	9	g,p	-	Salmonella enterica subspecies enterica (subspecies I)	9:g,p:-	Dublin	
SRR26825713	/storage/home/smk459/scratch/brazildub/3.2-sero/seqsero/SRR26825713_seqsero	SRR26825713_assembly.fasta	9	g,p	-	Salmonella enterica subspecies enterica (subspecies I)	9:g,p:-	Dublin	
SRR26825714	/storage/home/smk459/scratch/brazildub/3.2-sero/seqsero/SRR26825714_seqsero	SRR26825714_assembly.fasta	9	g,p	-	Salmonella enterica subspecies enterica (subspecies I)	9:g,p:-	Dublin	
SRR26826506	/storage/home/smk459/scratch/brazildub/3.2-sero/seqsero/SRR26826506_seqsero	SRR26826506_assembly.fasta	9	g,p	-	Salmonella enterica subspecies enterica (subspecies I)	9:g,p:-	Dublin	
SRR26904504	/storage/home/smk459/scratch/brazildub/3.2-sero/seqsero/SRR26904504_seqsero	SRR26904504_assembly.fasta	9	g,p	-	Salmonella enterica subspecies enterica (subspecies I)	9:g,p:-	Dublin	
SRR26904505	/storage/home/smk459/scratch/brazildub/3.2-sero/seqsero/SRR26904505_seqsero	SRR26904505_assembly.fasta	9	g,p	-	Salmonella enterica subspecies enterica (subspecies I)	9:g,p:-	Dublin	
SRR27708424	/storage/home/smk459/scratch/brazildub/3.2-sero/seqsero/SRR27708424_seqsero	SRR27708424_assembly.fasta	-	g,p	-	Salmonella enterica subspecies enterica (subspecies I)	-:g,p:-	I -:g,p:-	O antigen was not detected. This result may be due to a rough strain that has deleted the rfb region. For raw reads input, the k-mer workflow is sometimes more sensitive than the microassembly workflow in detecting O antigen. Caution should be used with this approach because the k-mer result may be due to low levels of contamination. 
SRR27714940	/storage/home/smk459/scratch/brazildub/3.2-sero/seqsero/SRR27714940_seqsero	SRR27714940_assembly.fasta	9	g,p	-	Salmonella enterica subspecies enterica (subspecies I)	9:g,p:-	Dublin	
SRR27714941	/storage/home/smk459/scratch/brazildub/3.2-sero/seqsero/SRR27714941_seqsero	SRR27714941_assembly.fasta	9	g,p	-	Salmonella enterica subspecies enterica (subspecies I)	9:g,p:-	Dublin	
SRR27714943	/storage/home/smk459/scratch/brazildub/3.2-sero/seqsero/SRR27714943_seqsero	SRR27714943_assembly.fasta	9	g,p	-	Salmonella enterica subspecies enterica (subspecies I)	9:g,p:-	Dublin	
SRR27779120	/storage/home/smk459/scratch/brazildub/3.2-sero/seqsero/SRR27779120_seqsero	SRR27779120_assembly.fasta	9	g,p	-	Salmonella enterica subspecies enterica (subspecies I)	9:g,p:-	Dublin	
SRR28098922	/storage/home/smk459/scratch/brazildub/3.2-sero/seqsero/SRR28098922_seqsero	SRR28098922_assembly.fasta	-	g,p	-	Salmonella enterica subspecies enterica (subspecies I)	-:g,p:-	I -:g,p:-	O antigen was not detected. This result may be due to a rough strain that has deleted the rfb region. For raw reads input, the k-mer workflow is sometimes more sensitive than the microassembly workflow in detecting O antigen. Caution should be used with this approach because the k-mer result may be due to low levels of contamination. 
SRR28098931	/storage/home/smk459/scratch/brazildub/3.2-sero/seqsero/SRR28098931_seqsero	SRR28098931_assembly.fasta	9	g,p	-	Salmonella enterica subspecies enterica (subspecies I)	9:g,p:-	Dublin	
SRR28160454	/storage/home/smk459/scratch/brazildub/3.2-sero/seqsero/SRR28160454_seqsero	SRR28160454_assembly.fasta	9	g,p	-	Salmonella enterica subspecies enterica (subspecies I)	9:g,p:-	Dublin	
SRR28323407	/storage/home/smk459/scratch/brazildub/3.2-sero/seqsero/SRR28323407_seqsero	SRR28323407_assembly.fasta	9	g,p	-	Salmonella enterica subspecies enterica (subspecies I)	9:g,p:-	Dublin	
SRR29045873	/storage/home/smk459/scratch/brazildub/3.2-sero/seqsero/SRR29045873_seqsero	SRR29045873_assembly.fasta	9	g,p	-	Salmonella enterica subspecies enterica (subspecies I)	9:g,p:-	Dublin	
SRR29046295	/storage/home/smk459/scratch/brazildub/3.2-sero/seqsero/SRR29046295_seqsero	SRR29046295_assembly.fasta	9	g,p	-	Salmonella enterica subspecies enterica (subspecies I)	9:g,p:-	Dublin	
SRR29047886	/storage/home/smk459/scratch/brazildub/3.2-sero/seqsero/SRR29047886_seqsero	SRR29047886_assembly.fasta	9	g,p	-	Salmonella enterica subspecies enterica (subspecies I)	9:g,p:-	Dublin	
SRR29047899	/storage/home/smk459/scratch/brazildub/3.2-sero/seqsero/SRR29047899_seqsero	SRR29047899_assembly.fasta	9	g,p	-	Salmonella enterica subspecies enterica (subspecies I)	9:g,p:-	Dublin	
SRR29091945	/storage/home/smk459/scratch/brazildub/3.2-sero/seqsero/SRR29091945_seqsero	SRR29091945_assembly.fasta	9	g,p	-	Salmonella enterica subspecies enterica (subspecies I)	9:g,p:-	Dublin	
SRR29369522	/storage/home/smk459/scratch/brazildub/3.2-sero/seqsero/SRR29369522_seqsero	SRR29369522_assembly.fasta	9	g,p	-	Salmonella enterica subspecies enterica (subspecies I)	9:g,p:-	Dublin	
SRR29369532	/storage/home/smk459/scratch/brazildub/3.2-sero/seqsero/SRR29369532_seqsero	SRR29369532_assembly.fasta	9	g,p	-	Salmonella enterica subspecies enterica (subspecies I)	9:g,p:-	Dublin	
SRR29425127	/storage/home/smk459/scratch/brazildub/3.2-sero/seqsero/SRR29425127_seqsero	SRR29425127_assembly.fasta	9	g,p	-	Salmonella enterica subspecies enterica (subspecies I)	9:g,p:-	Dublin	
SRR29481989	/storage/home/smk459/scratch/brazildub/3.2-sero/seqsero/SRR29481989_seqsero	SRR29481989_assembly.fasta	9	g,p	-	Salmonella enterica subspecies enterica (subspecies I)	9:g,p:-	Dublin	
SRR29752489	/storage/home/smk459/scratch/brazildub/3.2-sero/seqsero/SRR29752489_seqsero	SRR29752489_assembly.fasta	9	g,p	-	Salmonella enterica subspecies enterica (subspecies I)	9:g,p:-	Dublin	
SRR29752490	/storage/home/smk459/scratch/brazildub/3.2-sero/seqsero/SRR29752490_seqsero	SRR29752490_assembly.fasta	9	g,p	-	Salmonella enterica subspecies enterica (subspecies I)	9:g,p:-	Dublin	
SRR29752491	/storage/home/smk459/scratch/brazildub/3.2-sero/seqsero/SRR29752491_seqsero	SRR29752491_assembly.fasta	9	g,p	-	Salmonella enterica subspecies enterica (subspecies I)	9:g,p:-	Dublin	
SRR29752492	/storage/home/smk459/scratch/brazildub/3.2-sero/seqsero/SRR29752492_seqsero	SRR29752492_assembly.fasta	9	g,p	-	Salmonella enterica subspecies enterica (subspecies I)	9:g,p:-	Dublin	
SRR29752493	/storage/home/smk459/scratch/brazildub/3.2-sero/seqsero/SRR29752493_seqsero	SRR29752493_assembly.fasta	9	g,p	-	Salmonella enterica subspecies enterica (subspecies I)	9:g,p:-	Dublin	
SRR29752494	/storage/home/smk459/scratch/brazildub/3.2-sero/seqsero/SRR29752494_seqsero	SRR29752494_assembly.fasta	9	g,p	-	Salmonella enterica subspecies enterica (subspecies I)	9:g,p:-	Dublin	
SRR29752495	/storage/home/smk459/scratch/brazildub/3.2-sero/seqsero/SRR29752495_seqsero	SRR29752495_assembly.fasta	9	g,p	-	Salmonella enterica subspecies enterica (subspecies I)	9:g,p:-	Dublin	
SRR30477736	/storage/home/smk459/scratch/brazildub/3.2-sero/seqsero/SRR30477736_seqsero	SRR30477736_assembly.fasta	9	g,p	-	Salmonella enterica subspecies enterica (subspecies I)	9:g,p:-	Dublin	
SRR30477737	/storage/home/smk459/scratch/brazildub/3.2-sero/seqsero/SRR30477737_seqsero	SRR30477737_assembly.fasta	9	g,p	-	Salmonella enterica subspecies enterica (subspecies I)	9:g,p:-	Dublin	
SRR30477738	/storage/home/smk459/scratch/brazildub/3.2-sero/seqsero/SRR30477738_seqsero	SRR30477738_assembly.fasta	9	g,p	-	Salmonella enterica subspecies enterica (subspecies I)	9:g,p:-	Dublin	
SRR30477739	/storage/home/smk459/scratch/brazildub/3.2-sero/seqsero/SRR30477739_seqsero	SRR30477739_assembly.fasta	9	g,p	-	Salmonella enterica subspecies enterica (subspecies I)	9:g,p:-	Dublin	
SRR30477740	/storage/home/smk459/scratch/brazildub/3.2-sero/seqsero/SRR30477740_seqsero	SRR30477740_assembly.fasta	9	g,p	-	Salmonella enterica subspecies enterica (subspecies I)	9:g,p:-	Dublin	
SRR30477741	/storage/home/smk459/scratch/brazildub/3.2-sero/seqsero/SRR30477741_seqsero	SRR30477741_assembly.fasta	9	g,p	-	Salmonella enterica subspecies enterica (subspecies I)	9:g,p:-	Dublin	
SRR30477742	/storage/home/smk459/scratch/brazildub/3.2-sero/seqsero/SRR30477742_seqsero	SRR30477742_assembly.fasta	9	g,p	-	Salmonella enterica subspecies enterica (subspecies I)	9:g,p:-	Dublin	
SRR30477743	/storage/home/smk459/scratch/brazildub/3.2-sero/seqsero/SRR30477743_seqsero	SRR30477743_assembly.fasta	9	g,p	-	Salmonella enterica subspecies enterica (subspecies I)	9:g,p:-	Dublin	
SRR30477744	/storage/home/smk459/scratch/brazildub/3.2-sero/seqsero/SRR30477744_seqsero	SRR30477744_assembly.fasta	9	g,p	-	Salmonella enterica subspecies enterica (subspecies I)	9:g,p:-	Dublin	
SRR30477745	/storage/home/smk459/scratch/brazildub/3.2-sero/seqsero/SRR30477745_seqsero	SRR30477745_assembly.fasta	9	g,p	-	Salmonella enterica subspecies enterica (subspecies I)	9:g,p:-	Dublin	
SRR30477746	/storage/home/smk459/scratch/brazildub/3.2-sero/seqsero/SRR30477746_seqsero	SRR30477746_assembly.fasta	9	g,p	-	Salmonella enterica subspecies enterica (subspecies I)	9:g,p:-	Dublin	
SRR30477747	/storage/home/smk459/scratch/brazildub/3.2-sero/seqsero/SRR30477747_seqsero	SRR30477747_assembly.fasta	9	g,p	-	Salmonella enterica subspecies enterica (subspecies I)	9:g,p:-	Dublin	
SRR31203041	/storage/home/smk459/scratch/brazildub/3.2-sero/seqsero/SRR31203041_seqsero	SRR31203041_assembly.fasta	9	g,p	-	Salmonella enterica subspecies enterica (subspecies I)	9:g,p:-	Dublin	
SRR31203074	/storage/home/smk459/scratch/brazildub/3.2-sero/seqsero/SRR31203074_seqsero	SRR31203074_assembly.fasta	9	g,p	-	Salmonella enterica subspecies enterica (subspecies I)	9:g,p:-	Dublin	
SRR31203080	/storage/home/smk459/scratch/brazildub/3.2-sero/seqsero/SRR31203080_seqsero	SRR31203080_assembly.fasta	9	g,p	-	Salmonella enterica subspecies enterica (subspecies I)	9:g,p:-	Dublin	
SRR31507111	/storage/home/smk459/scratch/brazildub/3.2-sero/seqsero/SRR31507111_seqsero	SRR31507111_assembly.fasta	9	g,p	-	Salmonella enterica subspecies enterica (subspecies I)	9:g,p:-	Dublin	
SRR31886003	/storage/home/smk459/scratch/brazildub/3.2-sero/seqsero/SRR31886003_seqsero	SRR31886003_assembly.fasta	9	g,p	-	Salmonella enterica subspecies enterica (subspecies I)	9:g,p:-	Dublin	
SRR31886040	/storage/home/smk459/scratch/brazildub/3.2-sero/seqsero/SRR31886040_seqsero	SRR31886040_assembly.fasta	9	g,p	-	Salmonella enterica subspecies enterica (subspecies I)	9:g,p:-	Dublin	
SRR32701819	/storage/home/smk459/scratch/brazildub/3.2-sero/seqsero/SRR32701819_seqsero	SRR32701819_assembly.fasta	9	g,p	-	Salmonella enterica subspecies enterica (subspecies I)	9:g,p:-	Dublin	
SRR32701820	/storage/home/smk459/scratch/brazildub/3.2-sero/seqsero/SRR32701820_seqsero	SRR32701820_assembly.fasta	9	g,p	-	Salmonella enterica subspecies enterica (subspecies I)	9:g,p:-	Dublin	
SRR32701822	/storage/home/smk459/scratch/brazildub/3.2-sero/seqsero/SRR32701822_seqsero	SRR32701822_assembly.fasta	9	g,p	-	Salmonella enterica subspecies enterica (subspecies I)	9:g,p:-	Dublin	
SRR32701823	/storage/home/smk459/scratch/brazildub/3.2-sero/seqsero/SRR32701823_seqsero	SRR32701823_assembly.fasta	9	g,p	-	Salmonella enterica subspecies enterica (subspecies I)	9:g,p:-	Dublin	
SRR32701824	/storage/home/smk459/scratch/brazildub/3.2-sero/seqsero/SRR32701824_seqsero	SRR32701824_assembly.fasta	9	g,p	-	Salmonella enterica subspecies enterica (subspecies I)	9:g,p:-	Dublin	
SRR32701853	/storage/home/smk459/scratch/brazildub/3.2-sero/seqsero/SRR32701853_seqsero	SRR32701853_assembly.fasta	9	g,p	-	Salmonella enterica subspecies enterica (subspecies I)	9:g,p:-	Dublin	
SRR33745401	/storage/home/smk459/scratch/brazildub/3.2-sero/seqsero/SRR33745401_seqsero	SRR33745401_assembly.fasta	9	g,p	-	Salmonella enterica subspecies enterica (subspecies I)	9:g,p:-	Dublin	
SRR33745402	/storage/home/smk459/scratch/brazildub/3.2-sero/seqsero/SRR33745402_seqsero	SRR33745402_assembly.fasta	9	g,p	-	Salmonella enterica subspecies enterica (subspecies I)	9:g,p:-	Dublin	
SRR33745403	/storage/home/smk459/scratch/brazildub/3.2-sero/seqsero/SRR33745403_seqsero	SRR33745403_assembly.fasta	9	g,p	-	Salmonella enterica subspecies enterica (subspecies I)	9:g,p:-	Dublin	
SRR33745404	/storage/home/smk459/scratch/brazildub/3.2-sero/seqsero/SRR33745404_seqsero	SRR33745404_assembly.fasta	9	g,p	-	Salmonella enterica subspecies enterica (subspecies I)	9:g,p:-	Dublin	
SRR33745405	/storage/home/smk459/scratch/brazildub/3.2-sero/seqsero/SRR33745405_seqsero	SRR33745405_assembly.fasta	9	g,p	-	Salmonella enterica subspecies enterica (subspecies I)	9:g,p:-	Dublin	
SRR33745406	/storage/home/smk459/scratch/brazildub/3.2-sero/seqsero/SRR33745406_seqsero	SRR33745406_assembly.fasta	9	g,p	-	Salmonella enterica subspecies enterica (subspecies I)	9:g,p:-	Dublin	
SRR33745407	/storage/home/smk459/scratch/brazildub/3.2-sero/seqsero/SRR33745407_seqsero	SRR33745407_assembly.fasta	9	g,p	-	Salmonella enterica subspecies enterica (subspecies I)	9:g,p:-	Dublin	
SRR33745408	/storage/home/smk459/scratch/brazildub/3.2-sero/seqsero/SRR33745408_seqsero	SRR33745408_assembly.fasta	9	g,p	-	Salmonella enterica subspecies enterica (subspecies I)	9:g,p:-	Dublin	
SRR33916996	/storage/home/smk459/scratch/brazildub/3.2-sero/seqsero/SRR33916996_seqsero	SRR33916996_assembly.fasta	9	g,p	-	Salmonella enterica subspecies enterica (subspecies I)	9:g,p:-	Dublin	
SRR33917023	/storage/home/smk459/scratch/brazildub/3.2-sero/seqsero/SRR33917023_seqsero	SRR33917023_assembly.fasta	9	g,p	-	Salmonella enterica subspecies enterica (subspecies I)	9:g,p:-	Dublin	
SRR33917025	/storage/home/smk459/scratch/brazildub/3.2-sero/seqsero/SRR33917025_seqsero	SRR33917025_assembly.fasta	9	g,p	-	Salmonella enterica subspecies enterica (subspecies I)	9:g,p:-	Dublin	
SRR33917028	/storage/home/smk459/scratch/brazildub/3.2-sero/seqsero/SRR33917028_seqsero	SRR33917028_assembly.fasta	9	g,p	-	Salmonella enterica subspecies enterica (subspecies I)	9:g,p:-	Dublin	
SRR7962276	/storage/home/smk459/scratch/brazildub/3.2-sero/seqsero/SRR7962276_seqsero	SRR7962276_assembly.fasta	9	g,p	-	Salmonella enterica subspecies enterica (subspecies I)	9:g,p:-	Dublin	
SRR8333783	/storage/home/smk459/scratch/brazildub/3.2-sero/seqsero/SRR8333783_seqsero	SRR8333783_assembly.fasta	9	g,p	-	Salmonella enterica subspecies enterica (subspecies I)	9:g,p:-	Dublin	
SRR8767040	/storage/home/smk459/scratch/brazildub/3.2-sero/seqsero/SRR8767040_seqsero	SRR8767040_assembly.fasta	9	g,p	-	Salmonella enterica subspecies enterica (subspecies I)	9:g,p:-	Dublin	
SRR8952510	/storage/home/smk459/scratch/brazildub/3.2-sero/seqsero/SRR8952510_seqsero	SRR8952510_assembly.fasta	9	g,p	-	Salmonella enterica subspecies enterica (subspecies I)	9:g,p:-	Dublin	
SRR9016858	/storage/home/smk459/scratch/brazildub/3.2-sero/seqsero/SRR9016858_seqsero	SRR9016858_assembly.fasta	-	g,p	-	Salmonella enterica subspecies enterica (subspecies I)	-:g,p:-	I -:g,p:-	O antigen was not detected. This result may be due to a rough strain that has deleted the rfb region. For raw reads input, the k-mer workflow is sometimes more sensitive than the microassembly workflow in detecting O antigen. Caution should be used with this approach because the k-mer result may be due to low levels of contamination. 
SRR9016861	/storage/home/smk459/scratch/brazildub/3.2-sero/seqsero/SRR9016861_seqsero	SRR9016861_assembly.fasta	9	g,p	-	Salmonella enterica subspecies enterica (subspecies I)	9:g,p:-	Dublin	
